{"timestep":15168000,"_timestamp":1.7803167124841611e+09,"eval_mean_reward_3_chefs_counter_circuit_teamtype_H":5.333333333333333,"eval_mean_reward":5.333333333333333,"_wandb":{"runtime":11209},"_runtime":11209,"_step":143,"eval_mean_reward_3_chefs_counter_circuit":5.333333333333333}