{"timestep":15168000,"_runtime":13004,"eval_mean_reward_3_chefs_counter_circuit_teamtype_SPADV":145.33333333333334,"eval_mean_reward_3_chefs_counter_circuit_teamtype_SPH":73.33333333333333,"eval_mean_reward":101.33333333333333,"_timestamp":1.780305495863038e+09,"_wandb":{"runtime":13004},"eval_mean_reward_3_chefs_counter_circuit_teamtype_SPL":85.33333333333333,"_step":229,"eval_mean_reward_3_chefs_counter_circuit":101.33333333333333}