{"eval_mean_reward_3_chefs_counter_circuit_teamtype_SPH":150.66666666666666,"eval_mean_reward_3_chefs_counter_circuit_teamtype_SPADV":129.33333333333334,"eval_mean_reward_3_chefs_counter_circuit_teamtype_SPL":136,"_timestamp":1.7803300198063378e+09,"timestep":15168000,"_runtime":13289,"eval_mean_reward":138.66666666666666,"_step":224,"eval_mean_reward_3_chefs_counter_circuit":138.66666666666666,"_wandb":{"runtime":13289}}