{"_timestamp":1.780281399925584e+09,"_step":215,"eval_mean_reward_3_chefs_counter_circuit_teamtype_SP":234.66666666666666,"eval_mean_reward":234.66666666666666,"_wandb":{"runtime":23124},"_runtime":23124,"eval_mean_reward_3_chefs_counter_circuit":234.66666666666666,"timestep":30144000}