{"_step":329,"eval_mean_reward_3_chefs_counter_circuit_teamtype_SPH":113.33333333333333,"_wandb":{"runtime":46669},"eval_mean_reward":116.88888888888889,"_runtime":46669,"eval_mean_reward_3_chefs_counter_circuit":116.8888888888889,"timestep":60096000,"eval_mean_reward_3_chefs_counter_circuit_teamtype_SPL":118.66666666666667,"_timestamp":1.7803879129829912e+09,"eval_mean_reward_3_chefs_counter_circuit_teamtype_SPADV":118.66666666666667}