{"eval_mean_reward":230.66666666666666,"_wandb":{"runtime":37903},"_runtime":37903,"_step":230,"eval_mean_reward_3_chefs_counter_circuit":230.66666666666666,"timestep":62000000,"_timestamp":1.7802145230561078e+09,"eval_mean_reward_3_chefs_counter_circuit_teamtype_SP":230.66666666666666}