{"eval_mean_reward":225.33333333333334,"_wandb":{"runtime":23014},"_runtime":23014,"_step":209,"eval_mean_reward_3_chefs_counter_circuit":225.33333333333334,"timestep":30144000,"_timestamp":1.7802812901554825e+09,"eval_mean_reward_3_chefs_counter_circuit_teamtype_SP":225.33333333333334}