{"_wandb":{"runtime":37904},"_runtime":37904,"_step":269,"eval_mean_reward_3_chefs_counter_circuit":225.33333333333334,"timestep":60000000,"_timestamp":1.7802150490048435e+09,"eval_mean_reward_3_chefs_counter_circuit_teamtype_SP":225.33333333333334,"eval_mean_reward":225.33333333333334}